variable,mean,sigma,income
constant,-3.81115053509988,0,4.85615280076099
price,-3.06744706575237,0.956407381899533,-37.2001976910109
sugar,0,0,0.155165949693909
