Estimate,SE,tStat,pValue
-2.83025946892493,0.108620435305875,-26.0564180299492,4.76801320672695e-131
-11.3853316398459,0.87589496746147,-12.9985124504631,2.64421731534429e-37
0.0477354288367632,0.00435917609832283,10.9505621613059,3.16456112624615e-27
