Estimate,SE,tStat,pValue
-2.96652561815691,0.108551696330387,-27.3282290230455,2.90161284638701e-142
-10.2035868606654,0.875548373878663,-11.6539384516971,1.6144154085854e-30
0.0463063234786957,0.00439226363222966,10.5427012939087,2.12050913204612e-25
